model,seed,n,mdl_per_token_nats,ocv_floor_nats,edl_ocv_per_token_nats,test_floor_nats,edl_test_per_token_nats
orig,316,8,2.3692,2.1640,0.2052,1.8646,0.5046
orig,316,16,1.8508,2.0852,-0.2344,1.7782,0.0726
orig,316,32,1.7285,2.0002,-0.2717,1.7296,-0.0011
orig,316,64,1.6094,1.9225,-0.3131,1.6582,-0.0488
orig,316,128,1.5695,1.9339,-0.3644,1.6361,-0.0666
orig,316,256,1.5263,1.9050,-0.3787,1.6172,-0.0909
orig,316,573,1.4645,1.8479,-0.3833,1.5700,-0.1055
orig,317,8,2.5852,2.1855,0.3996,1.8875,0.6977
orig,317,16,2.0433,2.0791,-0.0358,1.7919,0.2513
orig,317,32,1.7765,2.0040,-0.2275,1.7348,0.0417
orig,317,64,1.6615,1.9275,-0.2659,1.6794,-0.0179
orig,317,128,1.5786,1.9060,-0.3273,1.6227,-0.0441
orig,317,256,1.5530,1.9318,-0.3788,1.6437,-0.0907
orig,317,573,1.4574,1.8463,-0.3889,1.5633,-0.1058
orig,318,8,2.3618,2.1945,0.1673,1.8723,0.4894
orig,318,16,2.3405,2.0030,0.3376,1.7421,0.5984
orig,318,32,1.9018,1.9552,-0.0534,1.7137,0.1881
orig,318,64,1.6821,1.9096,-0.2275,1.6627,0.0194
orig,318,128,1.6013,1.9047,-0.3034,1.6327,-0.0314
orig,318,256,1.5360,1.8942,-0.3581,1.6149,-0.0788
orig,318,573,1.4572,1.8485,-0.3914,1.5614,-0.1042
rmu,316,8,5.8840,2.2684,3.6156,2.0694,3.8146
rmu,316,16,5.2095,2.1354,3.0741,1.8532,3.3563
rmu,316,32,3.7982,2.0774,1.7208,1.8034,1.9948
rmu,316,64,2.6719,1.9814,0.6905,1.7363,0.9357
rmu,316,128,2.1602,1.9266,0.2336,1.6712,0.4891
rmu,316,256,1.8599,1.8928,-0.0329,1.6479,0.2120
rmu,316,573,1.6291,1.8534,-0.2243,1.5862,0.0428
rmu,317,8,5.2587,2.5823,2.6764,2.5982,2.6605
rmu,317,16,3.8332,2.1193,1.7139,1.9324,1.9008
rmu,317,32,2.9662,2.0210,0.9453,1.7889,1.1773
rmu,317,64,2.6337,1.9856,0.6481,1.7543,0.8794
rmu,317,128,2.0741,1.9050,0.1692,1.6636,0.4106
rmu,317,256,1.8039,1.9252,-0.1213,1.6664,0.1375
rmu,317,573,1.6282,1.8345,-0.2063,1.5783,0.0499
rmu,318,8,6.6000,2.2039,4.3961,1.9976,4.6024
rmu,318,16,4.8425,2.0506,2.7919,1.8334,3.0091
rmu,318,32,3.4927,1.9900,1.5027,1.7449,1.7478
rmu,318,64,2.6703,1.9520,0.7182,1.7015,0.9687
rmu,318,128,2.1791,1.9192,0.2599,1.6741,0.5050
rmu,318,256,1.8392,1.8826,-0.0434,1.6427,0.1965
rmu,318,573,1.5771,1.8432,-0.2661,1.6024,-0.0253
elm,316,8,2.6915,2.2098,0.4817,1.9013,0.7902
elm,316,16,2.1133,2.1541,-0.0408,1.8567,0.2566
elm,316,32,1.9009,2.0969,-0.1961,1.7836,0.1173
elm,316,64,1.7424,1.9708,-0.2284,1.6974,0.0450
elm,316,128,1.7072,1.9299,-0.2227,1.6486,0.0585
elm,316,256,1.5915,1.9085,-0.3169,1.6314,-0.0398
elm,316,573,1.5035,1.8619,-0.3584,1.6011,-0.0976
elm,317,8,2.5788,2.1700,0.4088,1.9281,0.6507
elm,317,16,2.2679,2.1209,0.1471,1.8558,0.4121
elm,317,32,2.0182,2.1003,-0.0820,1.8079,0.2103
elm,317,64,1.8217,1.9662,-0.1445,1.7257,0.0959
elm,317,128,1.6937,1.9139,-0.2202,1.6448,0.0488
elm,317,256,1.6025,1.9363,-0.3338,1.6563,-0.0538
elm,317,573,1.4918,1.8505,-0.3588,1.5751,-0.0834
elm,318,8,2.7125,2.2031,0.5094,1.9312,0.7813
elm,318,16,2.3769,2.1092,0.2677,1.8220,0.5549
elm,318,32,2.1167,2.0638,0.0529,1.7706,0.3461
elm,318,64,1.7933,1.9380,-0.1447,1.6874,0.1059
elm,318,128,1.6648,1.9103,-0.2455,1.6470,0.0177
elm,318,256,1.5781,1.8880,-0.3098,1.6265,-0.0484
elm,318,573,1.4878,1.8479,-0.3601,1.5962,-0.1084
npo,316,8,243.3828,2.3291,241.0538,2.0582,241.3246
npo,316,16,218.8025,2.1885,216.6140,1.8950,216.9075
npo,316,32,146.0993,2.0901,144.0092,1.8215,144.2779
npo,316,64,68.4136,2.0199,66.3937,1.7138,66.6999
npo,316,128,36.8568,1.9715,34.8853,1.7067,35.1501
npo,316,256,17.7023,1.9263,15.7760,1.6697,16.0326
npo,316,573,8.8053,1.8903,6.9150,1.6214,7.1839
npo,317,8,250.1778,2.2597,247.9181,1.9768,248.2010
npo,317,16,227.6000,2.2213,225.3787,1.9419,225.6580
npo,317,32,132.0532,2.1315,129.9217,1.8954,130.1577
npo,317,64,72.0069,2.0160,69.9909,1.7392,70.2677
npo,317,128,37.0427,1.9513,35.0914,1.7087,35.3340
npo,317,256,11.7202,1.9437,9.7765,1.6816,10.0385
npo,317,573,7.4749,1.8678,5.6071,1.5931,5.8818
npo,318,8,252.4853,2.3260,250.1593,2.0797,250.4056
npo,318,16,234.8720,2.0978,232.7742,1.8624,233.0096
npo,318,32,145.0092,2.0303,142.9789,1.7894,143.2198
npo,318,64,65.9100,2.0095,63.9005,1.7428,64.1672
npo,318,128,32.1989,1.9670,30.2318,1.6999,30.4990
npo,318,256,19.9209,1.9239,17.9970,1.6785,18.2424
npo,318,573,7.7328,1.8698,5.8630,1.6182,6.1146
simnpo,316,8,10.3091,4.7968,5.5123,4.0754,6.2337
simnpo,316,16,8.5507,3.2800,5.2708,2.7739,5.7768
simnpo,316,32,7.4064,2.8577,4.5487,2.4614,4.9449
simnpo,316,64,5.9644,2.5653,3.3991,2.1918,3.7727
simnpo,316,128,3.8984,2.1362,1.7621,1.8251,2.0732
simnpo,316,256,2.7883,2.1057,0.6826,1.7843,1.0039
simnpo,316,573,2.1005,1.9220,0.1785,1.6524,0.4482
simnpo,317,8,10.9291,4.3786,6.5505,3.8477,7.0814
simnpo,317,16,9.8350,3.1287,6.7063,2.7348,7.1002
simnpo,317,32,7.1922,2.7596,4.4326,2.3805,4.8117
simnpo,317,64,6.3654,2.3696,3.9958,2.0578,4.3077
simnpo,317,128,4.0765,2.0749,2.0016,1.7941,2.2824
simnpo,317,256,3.0182,2.0798,0.9385,1.7701,1.2481
simnpo,317,573,2.1173,1.9221,0.1952,1.6614,0.4559
simnpo,318,8,11.5540,4.1968,7.3572,3.5720,7.9820
simnpo,318,16,10.2520,3.1715,7.0805,2.7081,7.5438
simnpo,318,32,8.4031,2.7215,5.6816,2.3752,6.0280
simnpo,318,64,6.0785,2.2309,3.8476,1.9605,4.1179
simnpo,318,128,4.1567,2.1869,1.9698,1.8748,2.2819
simnpo,318,256,3.0142,2.1318,0.8825,1.8610,1.1533
simnpo,318,573,2.0731,1.9651,0.1079,1.6676,0.4054
